{
  "schemaVersion": "2.0.0",
  "id": "7c5ecbf0-59e8-49b5-8484-cc3b1235c078",
  "title": "Document Change Request",
  "status": "EDITABLE",
  "version": null,
  "previousVersion": null,
  "metadata": {
    "index": "0",
    "createdAt": "1970-01-01T00:00:00.000Z",
    "lastUpdatedAt": "1970-01-01T00:00:00.000Z",
    "createdByRoleId": "44444444-4444-4444-4444-444444444444",
    "lastUpdatedByRoleId": "44444444-4444-4444-4444-444444444444",
    "editors": [],
    "typeIndex": "0"
  },
  "sourceInfo": {},
  "fields": {
    "SOP": {
      "id": "bd03cd7c-2c66-4f01-a570-1e9dff2dd7ba",
      "type": "REFERENCE",
      "value": [
        {
          "id": "fdc745e0-60ee-41d2-982f-b5bc5f773536",
          "placeholderValue": "activeVersion"
        }
      ],
      "config": {
        "displayMode": "pills",
        "searchConfig": {
          "filters": {
            "type": [
              "QMS SOP"
            ]
          }
        },
        "allowMultiple": false
      },
      "dataType": "ENTITY"
    },
    "Issue": {
      "id": "de519312-aa9a-4166-8989-2a4600fa2823",
      "type": "FORMULA",
      "value": null,
      "config": {
        "formulaExpression": "lookup ( lookup(__self, \"Source\") , 'Issue' )"
      },
      "dataType": null
    },
    "Source": {
      "id": "47776f7e-7179-4f3d-aa7a-59aa0d10cc47",
      "type": "FORMULA",
      "value": null,
      "config": {
        "formulaExpression": "lookup(__self, \"CREATED_FROM\")"
      },
      "dataType": null
    },
    "Change Control": {
      "id": "331e6550-70a8-4215-bd0a-6b84dffbb8cd",
      "type": "REFERENCE",
      "value": null,
      "config": {
        "displayMode": "pills",
        "searchConfig": {
          "filters": {
            "template": [
              "becc3e69-a425-4364-b86e-c7227690cfca"
            ]
          },
          "qualifiedColumns": [
            {
              "name": "SOP",
              "config": "SOP"
            },
            {
              "name": "Change Control Title",
              "config": "Change Control Title"
            }
          ]
        },
        "allowMultiple": false,
        "allowEntitiesFrom": "FILE_UPLOAD"
      },
      "dataType": "ENTITY"
    },
    "Change Approved?": {
      "id": "b69d4fb6-53fc-4170-aaaf-3032f6931ad0",
      "type": "SELECT",
      "value": null,
      "config": {
        "allowMultiple": false,
        "selectOptions": [
          "Yes",
          "No"
        ]
      },
      "dataType": "SELECT"
    },
    "Change Requested": {
      "id": "0eada56b-020b-4931-b2c1-015da4ad76ac",
      "type": "STRING",
      "value": null,
      "config": {
        "multiLine": false
      },
      "dataType": "STRING"
    },
    "Change Approved By": {
      "id": "3f1b3be0-f519-487f-b64d-cc19e8872cd3",
      "type": "USER",
      "value": null,
      "config": {
        "allowMultiple": false
      },
      "dataType": "ROLE"
    },
    "Document Reference": {
      "id": "155622a1-4f82-4dc0-9b8c-0d3579cea3e6",
      "type": "REFERENCE",
      "value": null,
      "config": {
        "displayMode": "pills",
        "allowMultiple": false,
        "allowEntitiesFrom": "PLATFORM"
      },
      "dataType": "ENTITY"
    },
    "Change Requested By": {
      "id": "b163ecd2-ad9a-4869-a426-fd81fe0c81c3",
      "type": "USER",
      "value": null,
      "config": {
        "allowMultiple": false
      },
      "dataType": "ROLE"
    },
    "Change Control Required?": {
      "id": "4b030970-baa0-4689-a431-915e6c508711",
      "type": "SELECT",
      "value": null,
      "config": {
        "allowMultiple": false,
        "selectOptions": [
          "Yes",
          "No"
        ]
      },
      "dataType": "SELECT"
    },
    "Justification For Decision": {
      "id": "8467fed9-917c-4fae-bbdc-5447aef28c36",
      "type": "STRING",
      "value": null,
      "config": {},
      "dataType": "STRING"
    },
    "Justification for Decision": {
      "id": "e2d4237b-2394-446e-af0d-e1f2c708e585",
      "type": "STRING",
      "value": null,
      "config": {
        "multiLine": true
      },
      "dataType": "STRING"
    }
  },
  "kind": "TEMPLATE",
  "type": {
    "ref": {
      "id": "399bc3bb-ad20-4fe6-b225-fb1b0ffca1c8"
    }
  },
  "content": {
    "type": "PAGE_CONTENT",
    "value": {
      "pageContent": [
        {
          "id": "ca715943-ed36-4e13-9964-53a2cd196f70",
          "type": "p",
          "children": [
            {
              "text": "For detailed instructions see:"
            }
          ]
        },
        {
          "id": "69eb7b43-072e-4763-8a45-4b81c617ca8e",
          "type": "field",
          "fieldId": "bd03cd7c-2c66-4f01-a570-1e9dff2dd7ba",
          "children": [
            {
              "text": ""
            }
          ],
          "entityPreview": {
            "isPreview": false
          }
        },
        {
          "id": "cc692833-f422-446c-9e49-68d75f8ac12d",
          "type": "p",
          "children": [
            {
              "text": ""
            }
          ]
        },
        {
          "id": "3324e09d-d0c9-40c6-88e0-5adfd67d9622",
          "type": "field",
          "fieldId": "155622a1-4f82-4dc0-9b8c-0d3579cea3e6",
          "children": [
            {
              "text": ""
            }
          ],
          "entityPreview": {
            "isPreview": true
          }
        },
        {
          "id": "558e3268-feb8-4f25-814e-800e00b17084",
          "type": "field",
          "fieldId": "47776f7e-7179-4f3d-aa7a-59aa0d10cc47",
          "children": [
            {
              "text": ""
            }
          ]
        },
        {
          "id": "eb0e048d-686c-4c4f-9dfc-45f0a87ca139",
          "type": "field",
          "fieldId": "de519312-aa9a-4166-8989-2a4600fa2823",
          "children": [
            {
              "text": ""
            }
          ]
        },
        {
          "id": "535b2c83-60e5-4383-8101-9f179ee6347b",
          "type": "p",
          "children": [
            {
              "text": ""
            }
          ]
        },
        {
          "id": "3698188e-6a12-454b-9486-e533537c1044",
          "type": "two_column",
          "children": [
            {
              "id": "71fe53b2-0f6d-423a-a31e-a527800515dc",
              "type": "two_column_cell",
              "children": [
                {
                  "id": "29ba2f01-ddc7-424b-ae45-712a31986080",
                  "type": "field",
                  "fieldId": "0eada56b-020b-4931-b2c1-015da4ad76ac",
                  "children": [
                    {
                      "text": ""
                    }
                  ]
                },
                {
                  "id": "910e0050-e87f-4bda-b439-96fa09c66713",
                  "type": "p",
                  "children": [
                    {
                      "text": ""
                    }
                  ]
                },
                {
                  "id": "205b742a-cef2-4390-921f-bed22f748f46",
                  "type": "field",
                  "fieldId": "b69d4fb6-53fc-4170-aaaf-3032f6931ad0",
                  "children": [
                    {
                      "text": ""
                    }
                  ]
                },
                {
                  "id": "1a6730a9-643f-41d1-b57f-4eb15db229e6",
                  "type": "field",
                  "fieldId": "8467fed9-917c-4fae-bbdc-5447aef28c36",
                  "children": [
                    {
                      "text": ""
                    }
                  ]
                },
                {
                  "id": "32f754cd-e2da-45ce-9d8f-93abe3584a4b",
                  "type": "p",
                  "children": [
                    {
                      "text": ""
                    }
                  ]
                },
                {
                  "id": "21fc69de-066c-4af7-b55f-471e7965da38",
                  "type": "p",
                  "children": [
                    {
                      "bold": true,
                      "text": "For Quality Team:"
                    }
                  ]
                },
                {
                  "id": "26c1bc5f-ad91-4f75-8a5e-32c9d7d024d1",
                  "type": "field",
                  "fieldId": "4b030970-baa0-4689-a431-915e6c508711",
                  "children": [
                    {
                      "text": ""
                    }
                  ]
                },
                {
                  "id": "83f07cfa-d7ff-418b-b549-477c96956426",
                  "type": "field",
                  "fieldId": "331e6550-70a8-4215-bd0a-6b84dffbb8cd",
                  "children": [
                    {
                      "text": ""
                    }
                  ],
                  "entityPreview": {
                    "isPreview": false
                  }
                }
              ]
            },
            {
              "id": "f3d07725-f1a5-4db8-a47c-c4e76b22c34b",
              "type": "two_column_cell",
              "children": [
                {
                  "id": "81c26311-63eb-474c-9c09-bfd35da80b30",
                  "type": "field",
                  "fieldId": "b163ecd2-ad9a-4869-a426-fd81fe0c81c3",
                  "children": [
                    {
                      "text": ""
                    }
                  ]
                },
                {
                  "id": "4d4372b1-a8a5-4f3c-988e-8852ab04cd9a",
                  "type": "p",
                  "children": [
                    {
                      "text": ""
                    }
                  ]
                },
                {
                  "id": "629492c7-a566-4c9c-93b7-d20be252aad1",
                  "type": "field",
                  "fieldId": "3f1b3be0-f519-487f-b64d-cc19e8872cd3",
                  "children": [
                    {
                      "text": ""
                    }
                  ]
                },
                {
                  "id": "268d32e5-b6f2-470e-9de3-c985c42aa309",
                  "type": "p",
                  "children": [
                    {
                      "text": ""
                    }
                  ]
                },
                {
                  "id": "36870d88-5fe9-4b77-b4ff-b59479030bdd",
                  "type": "p",
                  "children": [
                    {
                      "text": ""
                    }
                  ]
                },
                {
                  "id": "d9b94fed-1983-42c2-99d1-aa7260a2fc9f",
                  "type": "p",
                  "children": [
                    {
                      "text": ""
                    }
                  ]
                },
                {
                  "id": "743ae9ee-e224-40f6-bf6f-ec401fc153b9",
                  "type": "p",
                  "children": [
                    {
                      "text": ""
                    }
                  ]
                },
                {
                  "id": "f4351d3c-da52-4da0-8b5f-adb25a85d09f",
                  "type": "field",
                  "fieldId": "e2d4237b-2394-446e-af0d-e1f2c708e585",
                  "children": [
                    {
                      "text": ""
                    }
                  ]
                }
              ]
            }
          ]
        },
        {
          "id": "3b354e32-b5f1-4ea0-89fb-b8ad04d56021",
          "type": "p",
          "children": [
            {
              "text": ""
            }
          ]
        },
        {
          "id": "0aaab526-f993-402e-8f15-fb5e198a75ae",
          "type": "p",
          "children": [
            {
              "text": ""
            }
          ]
        },
        {
          "id": "69200a67-2a60-4c6c-bb50-131ccb340468",
          "type": "p",
          "children": [
            {
              "text": ""
            }
          ]
        }
      ]
    }
  },
  "instanceConfig": {
    "strictMode": false,
    "computedTitle": "DCR-@TEMPLATE_INDEX - @155622a1-4f82-4dc0-9b8c-0d3579cea3e6 "
  }
}