{
  "schemaVersion": "2.0.0",
  "id": "b30cd43f-8eb5-4b49-b7f9-8175b30144da",
  "title": "OOS - Machine",
  "status": "EDITABLE",
  "version": null,
  "previousVersion": null,
  "metadata": {
    "index": "0",
    "createdAt": "1970-01-01T00:00:00.000Z",
    "lastUpdatedAt": "1970-01-01T00:00:00.000Z",
    "createdByRoleId": "44444444-4444-4444-4444-444444444444",
    "lastUpdatedByRoleId": "44444444-4444-4444-4444-444444444444",
    "editors": [],
    "typeIndex": "0"
  },
  "sourceInfo": {},
  "fields": {
    "OOS": {
      "id": "f1ca9b5a-88ce-4a68-ab64-3746f3bf66a6",
      "type": "FORMULA",
      "value": null,
      "config": {
        "formulaExpression": "lookup(__self, \"CREATED_FROM\")"
      },
      "dataType": null
    },
    "Attach supporting documents": {
      "id": "6f825b26-acdf-4852-a373-5d817c9d3047",
      "type": "REFERENCE",
      "value": null,
      "config": {
        "allowMultiple": true
      },
      "dataType": "ENTITY"
    }
  },
  "kind": "TEMPLATE",
  "type": {
    "ref": {
      "id": "fc7230b2-ddfe-425d-8210-2f5d66ad3411"
    }
  },
  "content": {
    "type": "PAGE_CONTENT",
    "value": {
      "pageContent": [
        {
          "id": "7321d0a9-6dd8-4c1a-b238-822ebf5e9835",
          "type": "field",
          "fieldId": "f1ca9b5a-88ce-4a68-ab64-3746f3bf66a6",
          "children": [
            {
              "text": ""
            }
          ]
        },
        {
          "id": "f6781b63-a4bc-46b5-84bb-00b27830d980",
          "type": "p",
          "children": [
            {
              "text": ""
            }
          ]
        },
        {
          "id": "2dd168b4-2575-4e14-b8f3-9b719eb4e312",
          "type": "h3",
          "children": [
            {
              "text": "List all equipment used:"
            }
          ]
        },
        {
          "id": "dd316b98-bfee-4fbf-970e-67680a85ccb5",
          "type": "p",
          "children": [
            {
              "text": ""
            }
          ]
        },
        {
          "id": "0c174645-31f3-4f02-8039-4c19ee301941",
          "type": "p",
          "children": [
            {
              "text": ""
            }
          ]
        },
        {
          "id": "0cf53d04-fbf6-4c1c-a97c-cc45802e3efd",
          "type": "h3",
          "children": [
            {
              "text": "List calibration status of all equipment:"
            }
          ]
        },
        {
          "id": "e43c2842-f29f-48d3-b78b-1f565160b55d",
          "type": "p",
          "children": [
            {
              "text": ""
            }
          ]
        },
        {
          "id": "d0687b13-0389-45c2-9ff1-633fd1f0eb99",
          "type": "p",
          "children": [
            {
              "text": ""
            }
          ]
        },
        {
          "id": "b82867c8-2c34-4648-8e76-770a3f617015",
          "type": "h3",
          "children": [
            {
              "text": "Confirm all required check had been carried out before use:"
            }
          ]
        },
        {
          "id": "10f7b020-4305-4b11-bfa7-082d11df1fe4",
          "type": "p",
          "children": [
            {
              "text": ""
            }
          ]
        },
        {
          "id": "f1e45b1b-607a-495d-8236-ea47382576c8",
          "type": "p",
          "children": [
            {
              "text": ""
            }
          ]
        },
        {
          "id": "86cf49a9-12e1-452e-9a30-5ba6d4dc334b",
          "type": "h3",
          "children": [
            {
              "text": "Describe any trends identified in the performance of the equipment used (e.g. pipette routinely found out of calibration):"
            }
          ]
        },
        {
          "id": "198fbbc1-d146-4c7b-83e7-7ba668cf23b5",
          "type": "p",
          "children": [
            {
              "text": ""
            }
          ]
        },
        {
          "id": "279705d2-e7f4-499b-a35a-daaa0cfd6771",
          "type": "p",
          "children": [
            {
              "text": ""
            }
          ]
        },
        {
          "id": "c905ab1b-530c-4993-8aec-2372c54f8615",
          "type": "h3",
          "children": [
            {
              "text": "Record any other relevant information about the equipment used:"
            }
          ]
        },
        {
          "id": "63939dce-c02e-45e7-bba2-52f6cf8a296a",
          "type": "p",
          "children": [
            {
              "text": ""
            }
          ]
        },
        {
          "id": "e9f0bb23-8708-46a3-abb5-09d3fd252075",
          "type": "p",
          "children": [
            {
              "text": ""
            }
          ]
        },
        {
          "id": "4b65e486-d509-4648-bc94-05e244e77715",
          "type": "field",
          "fieldId": "6f825b26-acdf-4852-a373-5d817c9d3047",
          "children": [
            {
              "text": ""
            }
          ],
          "entityPreview": {
            "isPreview": false
          }
        },
        {
          "id": "bd7a0d75-5363-47c1-8f4e-306bb5b4f4fc",
          "type": "p",
          "children": [
            {
              "text": ""
            }
          ]
        }
      ]
    }
  },
  "instanceConfig": {
    "strictMode": false,
    "computedTitle": "@f1ca9b5a-88ce-4a68-ab64-3746f3bf66a6 - Machine"
  }
}