{
  "schemaVersion": "2.0.0",
  "id": "bf86ff70-1637-4632-8d87-99fdc1bc9903",
  "title": "OOS - Human",
  "status": "EDITABLE",
  "version": null,
  "previousVersion": null,
  "metadata": {
    "index": "0",
    "createdAt": "1970-01-01T00:00:00.000Z",
    "lastUpdatedAt": "1970-01-01T00:00:00.000Z",
    "createdByRoleId": "44444444-4444-4444-4444-444444444444",
    "lastUpdatedByRoleId": "44444444-4444-4444-4444-444444444444",
    "editors": [],
    "typeIndex": "0"
  },
  "sourceInfo": {},
  "fields": {
    "OOS": {
      "id": "f1ca9b5a-88ce-4a68-ab64-3746f3bf66a6",
      "type": "FORMULA",
      "value": null,
      "config": {
        "formulaExpression": "lookup(__self, \"CREATED_FROM\")"
      },
      "dataType": null
    },
    "Attach supporting documents": {
      "id": "6f825b26-acdf-4852-a373-5d817c9d3047",
      "type": "REFERENCE",
      "value": null,
      "config": {
        "allowMultiple": false
      },
      "dataType": "ENTITY"
    }
  },
  "kind": "TEMPLATE",
  "type": {
    "ref": {
      "id": "fc7230b2-ddfe-425d-8210-2f5d66ad3411"
    }
  },
  "content": {
    "type": "PAGE_CONTENT",
    "value": {
      "pageContent": [
        {
          "id": "7321d0a9-6dd8-4c1a-b238-822ebf5e9835",
          "type": "field",
          "fieldId": "f1ca9b5a-88ce-4a68-ab64-3746f3bf66a6",
          "children": [
            {
              "text": ""
            }
          ]
        },
        {
          "id": "f6781b63-a4bc-46b5-84bb-00b27830d980",
          "type": "p",
          "children": [
            {
              "text": ""
            }
          ]
        },
        {
          "id": "17142e67-5da0-4019-af9d-9b4b86e4c831",
          "type": "h3",
          "children": [
            {
              "text": "Does the operator have documented training in the testing they have performed? To which level are they trained?"
            }
          ]
        },
        {
          "id": "04e98f85-b63a-4c54-ae04-a757bbc45e30",
          "type": "p",
          "children": [
            {
              "text": ""
            }
          ]
        },
        {
          "id": "1c622e01-a30a-4915-8625-3b50621ee4fe",
          "type": "p",
          "children": [
            {
              "text": ""
            }
          ]
        },
        {
          "id": "f502a96f-6177-45e1-aaeb-51d284fd0cd1",
          "type": "h3",
          "children": [
            {
              "text": "What experience does the operator have in completing this testing?"
            }
          ]
        },
        {
          "id": "f9051826-8439-459d-b18a-3e1124f2a02f",
          "type": "h3",
          "children": [
            {
              "text": ""
            }
          ]
        },
        {
          "id": "32bffa17-a027-4432-b0df-3561a969244c",
          "type": "h3",
          "children": [
            {
              "text": ""
            }
          ]
        },
        {
          "id": "fa08e6e2-54b9-4740-955e-78deeb5ed5b1",
          "type": "h3",
          "children": [
            {
              "text": "Are there any trends of out of specification results associated with this operator?"
            }
          ]
        },
        {
          "id": "8edee1f4-812b-47f5-9335-305e45f5963b",
          "type": "p",
          "children": [
            {
              "text": ""
            }
          ]
        },
        {
          "id": "40b0f634-fbfb-4f91-b9dc-af8382ee1e1e",
          "type": "p",
          "children": [
            {
              "text": ""
            }
          ]
        },
        {
          "id": "2dd168b4-2575-4e14-b8f3-9b719eb4e312",
          "type": "h3",
          "children": [
            {
              "text": "Record any other pertinent information:"
            }
          ]
        },
        {
          "id": "63939dce-c02e-45e7-bba2-52f6cf8a296a",
          "type": "p",
          "children": [
            {
              "text": ""
            }
          ]
        },
        {
          "id": "e9f0bb23-8708-46a3-abb5-09d3fd252075",
          "type": "p",
          "children": [
            {
              "text": ""
            }
          ]
        },
        {
          "id": "4b65e486-d509-4648-bc94-05e244e77715",
          "type": "field",
          "fieldId": "6f825b26-acdf-4852-a373-5d817c9d3047",
          "children": [
            {
              "text": ""
            }
          ],
          "entityPreview": {
            "isPreview": false
          }
        },
        {
          "id": "bd7a0d75-5363-47c1-8f4e-306bb5b4f4fc",
          "type": "p",
          "children": [
            {
              "text": ""
            }
          ]
        }
      ]
    }
  },
  "instanceConfig": {
    "strictMode": false,
    "computedTitle": "@f1ca9b5a-88ce-4a68-ab64-3746f3bf66a6 - Man"
  }
}