{
  "schemaVersion": "2.0.0",
  "id": "6c13d560-2900-4699-8c81-1f3ee5a1a1d1",
  "title": "Out of Specification",
  "status": "EDITABLE",
  "version": null,
  "previousVersion": null,
  "metadata": {
    "index": "0",
    "createdAt": "1970-01-01T00:00:00.000Z",
    "lastUpdatedAt": "1970-01-01T00:00:00.000Z",
    "createdByRoleId": "44444444-4444-4444-4444-444444444444",
    "lastUpdatedByRoleId": "44444444-4444-4444-4444-444444444444",
    "editors": [],
    "typeIndex": "0"
  },
  "sourceInfo": {},
  "fields": {
    "SOP": {
      "id": "5bece61d-d92f-424a-b591-5dad97747b09",
      "type": "REFERENCE",
      "value": [
        {
          "id": "6c13d560-2900-4699-8c81-1f3ee5a1a1d1",
          "placeholderValue": "activeVersion"
        }
      ],
      "config": {
        "allowMultiple": false
      },
      "dataType": "ENTITY"
    },
    "Source": {
      "id": "9600ee68-7887-4402-90b2-2543697f5f1d",
      "type": "REFERENCE",
      "value": null,
      "config": {
        "allowMultiple": false
      },
      "dataType": "ENTITY"
    },
    "Deviation": {
      "id": "fbfeaa1a-e842-4af1-8607-497f50ff994a",
      "type": "REFERENCE",
      "value": null,
      "config": {
        "displayMode": "pills",
        "searchConfig": {
          "filters": {
            "template": [
              "922fbf6b-c55c-4827-ae1a-dfd05a61b33b"
            ]
          },
          "qualifiedColumns": [
            {
              "name": "SOP",
              "config": "SOP"
            },
            {
              "name": "Source",
              "config": "Source"
            },
            {
              "name": "Reportable",
              "config": "Reportable"
            },
            {
              "name": "Criticality",
              "config": "Criticality"
            },
            {
              "name": "Source type",
              "config": "Source type"
            },
            {
              "name": "Identified By",
              "config": "Identified By"
            },
            {
              "name": "Justification",
              "config": "Justification"
            },
            {
              "name": "Reportable To",
              "config": "Reportable To"
            },
            {
              "name": "Date Identified",
              "config": "Date Identified"
            },
            {
              "name": "Deviation Title",
              "config": "Deviation Title"
            },
            {
              "name": "Date of Decision",
              "config": "Date of Decision"
            },
            {
              "name": "Decision Made By",
              "config": "Decision Made By"
            },
            {
              "name": "Deviation Details",
              "config": "Deviation Details"
            },
            {
              "name": "Root Cause Analysis",
              "config": "Root Cause Analysis"
            },
            {
              "name": "Investigation Required",
              "config": "Investigation Required"
            },
            {
              "name": "Assessment Completed By",
              "config": "Assessment Completed By"
            },
            {
              "name": "Correction/ Containment Action",
              "config": "Correction/ Containment Action"
            },
            {
              "name": "Severity Rating and Justification",
              "config": "Severity Rating and Justification"
            },
            {
              "name": "Detection Rating and Justification",
              "config": "Detection Rating and Justification"
            },
            {
              "name": "Occurrence Rating and Justification",
              "config": "Occurrence Rating and Justification"
            }
          ]
        },
        "allowMultiple": false,
        "allowEntitiesFrom": "FILE_UPLOAD"
      },
      "dataType": "ENTITY"
    },
    "Reportable": {
      "id": "72cb8d48-8868-4e33-a40c-9553c485a54b",
      "type": "SELECT",
      "value": null,
      "config": {
        "allowMultiple": false,
        "selectOptions": [
          "Yes",
          "No"
        ]
      },
      "dataType": "SELECT"
    },
    "Criticality": {
      "id": "fa25ccab-311c-4443-b9e1-198116f77150",
      "type": "SELECT",
      "value": null,
      "config": {
        "allowMultiple": false,
        "selectOptions": [
          "Minor",
          "Major",
          "Critical"
        ]
      },
      "dataType": "SELECT"
    },
    "Issue Title": {
      "id": "32f8ac18-5f4e-4016-8d71-02d73ad3be26",
      "type": "STRING",
      "value": null,
      "config": {},
      "dataType": "STRING"
    },
    "OOS Details": {
      "id": "fdec3360-380c-453e-9766-6f4d714ac9dc",
      "type": "STRING",
      "value": null,
      "config": {},
      "dataType": "STRING"
    },
    "Source type": {
      "id": "6cafcc00-49ef-4ac2-9bbd-210023dfcb75",
      "type": "SELECT",
      "value": null,
      "config": {
        "allowMultiple": false,
        "selectOptions": [
          "Planned",
          "Manufacturing",
          "Testing",
          "Audit",
          "Failed Effectiveness Check",
          "QIR",
          "Other"
        ]
      },
      "dataType": "SELECT"
    },
    "Identified By": {
      "id": "fad2044f-b155-4b30-9559-91c1f89212e3",
      "type": "USER",
      "value": null,
      "config": {
        "allowMultiple": false
      },
      "dataType": "ROLE"
    },
    "Justification": {
      "id": "24f34572-42f7-410c-968c-316c013639da",
      "type": "STRING",
      "value": null,
      "config": {},
      "dataType": "STRING"
    },
    "Reportable To": {
      "id": "5c8fd0fc-a78b-40ed-9c00-3adcac867281",
      "type": "STRING",
      "value": null,
      "config": {},
      "dataType": "STRING"
    },
    "OOS Confirmed?": {
      "id": "a47c2a6c-e28d-4955-b32c-68afcfd86648",
      "type": "SELECT",
      "value": null,
      "config": {
        "allowMultiple": false,
        "selectOptions": [
          "Confirmed (repeat testing FAILS)",
          "Unconfirmed (repeat testing PASSES)"
        ]
      },
      "dataType": "SELECT"
    },
    "Date Identified": {
      "id": "e273f2a7-7d10-4556-a53a-2cd7cec575c3",
      "type": "DATE",
      "value": null,
      "config": {},
      "dataType": "DATE"
    },
    "All testing data": {
      "id": "93a651ab-8052-4c18-9131-a35e53c686dd",
      "type": "FORMULA",
      "value": null,
      "config": {
        "formulaExpression": "lookup( lookup(__self, \"Material, Method, Human, Machine, Measurement or Environment\") , 'Attach supporting documents')"
      },
      "dataType": null
    },
    "Date of Decision": {
      "id": "0877f9c2-3c02-4076-a20f-0374f58300ec",
      "type": "DATE",
      "value": null,
      "config": {},
      "dataType": "DATE"
    },
    "Decision Made By": {
      "id": "d71125ec-715a-4dba-bcc8-19c8e27bef44",
      "type": "USER",
      "value": null,
      "config": {
        "allowMultiple": false
      },
      "dataType": "ROLE"
    },
    "Investigation Required": {
      "id": "9e5a9ecc-a782-4b7c-a895-4988335aceac",
      "type": "SELECT",
      "value": null,
      "config": {
        "allowMultiple": false,
        "selectOptions": [
          "Yes",
          "No"
        ]
      },
      "dataType": "SELECT"
    },
    "Assessment Completed By": {
      "id": "9f2ed259-86fa-4efe-8cb6-46b2383332f4",
      "type": "USER",
      "value": null,
      "config": {
        "allowMultiple": false
      },
      "dataType": "ROLE"
    },
    "Additional Actions Required?": {
      "id": "3130ba47-e03b-452e-888e-a5886aa31d09",
      "type": "STRING",
      "value": null,
      "config": {},
      "dataType": "STRING"
    },
    "Correction/ Containment Action": {
      "id": "65af0edf-7502-4049-8228-80586ec7a66d",
      "type": "STRING",
      "value": null,
      "config": {},
      "dataType": "STRING"
    },
    "Confirm outcome of final testing": {
      "id": "28d0ee72-c465-4965-a819-355eb56efd8a",
      "type": "STRING",
      "value": null,
      "config": {},
      "dataType": "STRING"
    },
    "Severity Rating and Justification": {
      "id": "f2855c5e-51b4-4104-ac64-061df591757c",
      "type": "STRING",
      "value": null,
      "config": {},
      "dataType": "STRING"
    },
    "Detection Rating and Justification": {
      "id": "570c7ef0-b560-47fc-bd50-de95ed1bbc87",
      "type": "STRING",
      "value": null,
      "config": {},
      "dataType": "STRING"
    },
    "Summarise all confirmatory testing": {
      "id": "6988a37c-bfc7-448c-9398-eceebfe68efa",
      "type": "STRING",
      "value": null,
      "config": {},
      "dataType": "STRING"
    },
    "Occurrence Rating and Justification": {
      "id": "f9eaa9bf-d8db-4d61-8354-f122cd8757a4",
      "type": "STRING",
      "value": null,
      "config": {},
      "dataType": "STRING"
    },
    "Material, Method, Human, Machine, Measurement or Environment": {
      "id": "d0be4403-48e5-4998-9ac7-6072eec4b718",
      "type": "REFERENCE",
      "value": null,
      "config": {
        "displayMode": "pills",
        "searchConfig": {
          "filters": {
            "template": [
              "b30cd43f-8eb5-4b49-b7f9-8175b30144da",
              "bf86ff70-1637-4632-8d87-99fdc1bc9903",
              "460b4867-870e-4fe4-9020-2b54c9a79447",
              "4d849363-a320-492f-9bae-b586e0ddd6f3",
              "5efeb131-7e45-4279-a063-80882dad57da"
            ]
          },
          "qualifiedColumns": [
            {
              "name": "OOS",
              "config": "OOS"
            },
            {
              "name": "Attach supporting documents including records of any checks and calibrations",
              "config": "Attach supporting documents including records of any checks and calibrations"
            }
          ]
        },
        "allowMultiple": false,
        "allowEntitiesFrom": "FILE_UPLOAD"
      },
      "dataType": "ENTITY"
    }
  },
  "kind": "TEMPLATE",
  "type": {
    "ref": {
      "id": "fc7230b2-ddfe-425d-8210-2f5d66ad3411"
    }
  },
  "content": {
    "type": "PAGE_CONTENT",
    "value": {
      "pageContent": [
        {
          "id": "4c589b66-f63c-4738-b788-b3b0d92e0e82",
          "type": "p",
          "children": [
            {
              "text": "For detailed instructions see:"
            }
          ]
        },
        {
          "id": "88711e9c-d34b-40d9-8792-7cc922fa690b",
          "type": "field",
          "fieldId": "5bece61d-d92f-424a-b591-5dad97747b09",
          "children": [
            {
              "text": ""
            }
          ],
          "entityPreview": {
            "isPreview": false
          }
        },
        {
          "id": "002cb823-fb3a-45f2-a11b-17268bf56d43",
          "type": "p",
          "children": [
            {
              "text": ""
            }
          ]
        },
        {
          "id": "2eb7b9e9-4976-4c36-a58e-690cdd769c7f",
          "type": "h2",
          "indent": 1,
          "children": [
            {
              "text": "OOS"
            }
          ],
          "listStyleType": "decimal"
        },
        {
          "id": "2ed5af89-b055-4ec0-b281-c776c5f67ceb",
          "type": "two_column",
          "children": [
            {
              "id": "db98848a-8a9e-4b80-9ffa-ded93c1c3352",
              "type": "two_column_cell",
              "children": [
                {
                  "id": "00ffa3d0-17dc-4d46-a8a9-4e0fc06b8c78",
                  "type": "field",
                  "fieldId": "32f8ac18-5f4e-4016-8d71-02d73ad3be26",
                  "children": [
                    {
                      "text": ""
                    }
                  ]
                },
                {
                  "id": "47267a61-8bf5-4ed5-a67d-c777a4665bf8",
                  "type": "field",
                  "fieldId": "fdec3360-380c-453e-9766-6f4d714ac9dc",
                  "children": [
                    {
                      "text": ""
                    }
                  ]
                },
                {
                  "id": "d10c6735-eaf0-45fa-9d35-ba8c5743cbd5",
                  "type": "p",
                  "children": [
                    {
                      "text": ""
                    }
                  ]
                }
              ]
            },
            {
              "id": "ad11419c-0065-42b0-a6bd-516958f8d848",
              "type": "two_column_cell",
              "children": [
                {
                  "id": "7909b282-edbb-4c46-a3f9-ac1a06eb9761",
                  "type": "field",
                  "fieldId": "6cafcc00-49ef-4ac2-9bbd-210023dfcb75",
                  "children": [
                    {
                      "text": ""
                    }
                  ]
                },
                {
                  "id": "703d2e5f-95b9-4743-b607-d545d1b715d6",
                  "type": "field",
                  "fieldId": "9600ee68-7887-4402-90b2-2543697f5f1d",
                  "children": [
                    {
                      "text": ""
                    }
                  ],
                  "entityPreview": {
                    "isPreview": false
                  }
                }
              ]
            }
          ]
        },
        {
          "id": "86c76c12-587b-4ce9-9cc1-939c7c9e9498",
          "type": "two_column",
          "children": [
            {
              "id": "a3e59c3a-e3f3-4031-9be4-f9d4710d724b",
              "type": "two_column_cell",
              "children": [
                {
                  "id": "c9a8851b-a10f-4cd2-b26b-ffe4a6c623d5",
                  "type": "field",
                  "fieldId": "e273f2a7-7d10-4556-a53a-2cd7cec575c3",
                  "children": [
                    {
                      "text": ""
                    }
                  ]
                }
              ]
            },
            {
              "id": "90a03a9b-d670-4f61-a601-236d4c84276e",
              "type": "two_column_cell",
              "children": [
                {
                  "id": "3784d315-d104-4443-ba11-38b000cfa30c",
                  "type": "field",
                  "fieldId": "fad2044f-b155-4b30-9559-91c1f89212e3",
                  "children": [
                    {
                      "text": ""
                    }
                  ]
                }
              ]
            }
          ]
        },
        {
          "id": "2a0567a3-347c-4bf7-bb1a-dc6e488e8350",
          "type": "p",
          "children": [
            {
              "text": ""
            }
          ]
        },
        {
          "id": "b3050bbb-2c7c-46ae-938b-998ede54add4",
          "type": "h2",
          "indent": 1,
          "children": [
            {
              "text": "Assessment"
            }
          ],
          "listRestart": 2,
          "listStyleType": "decimal"
        },
        {
          "id": "24215ac7-0797-4aab-80e6-7179af844929",
          "type": "two_column",
          "children": [
            {
              "id": "65032ca0-1407-4ac1-99d0-ada80e19652f",
              "type": "two_column_cell",
              "children": [
                {
                  "id": "dfed99e6-3d42-4af9-b461-15f140a8b104",
                  "type": "field",
                  "fieldId": "9f2ed259-86fa-4efe-8cb6-46b2383332f4",
                  "children": [
                    {
                      "text": ""
                    }
                  ]
                }
              ]
            },
            {
              "id": "ea73b366-e4b1-4f47-9a28-aa8122f87e1b",
              "type": "two_column_cell",
              "children": [
                {
                  "id": "fec6d7bd-995e-4d79-9c44-2bba4eb05183",
                  "type": "p",
                  "children": [
                    {
                      "text": ""
                    }
                  ]
                }
              ]
            }
          ]
        },
        {
          "id": "f652e11b-7ec9-4be2-b10a-7cd193ccba8b",
          "type": "h3",
          "indent": 1,
          "children": [
            {
              "text": "Correction/Containment Actions"
            }
          ]
        },
        {
          "id": "314339a7-bf1b-4c9d-a821-9dc2cb99a781",
          "type": "p",
          "indent": 1,
          "children": [
            {
              "text": "Record the action taken to address the immediate deviation, and reduce its impact. In the case of a planned deviation, document the mitigations agreed before progressing."
            }
          ]
        },
        {
          "id": "8199f20c-6ef2-4dbd-8042-2ebaac137891",
          "type": "two_column",
          "children": [
            {
              "id": "bcc4fe50-6bdf-4c71-a974-d76213127ccc",
              "type": "two_column_cell",
              "children": [
                {
                  "id": "a14b4db4-5f88-4965-becd-8009df264c08",
                  "type": "field",
                  "fieldId": "65af0edf-7502-4049-8228-80586ec7a66d",
                  "children": [
                    {
                      "text": ""
                    }
                  ]
                }
              ]
            },
            {
              "id": "50cbac2e-b25c-4dc9-8a65-5b6cfd5079ea",
              "type": "two_column_cell",
              "children": [
                {
                  "id": "cd55b8b8-0722-4c5f-b899-14e038513469",
                  "type": "p",
                  "children": [
                    {
                      "text": ""
                    }
                  ]
                }
              ]
            }
          ]
        },
        {
          "id": "d84265b4-10a4-45f3-8577-0fc56ef91e9e",
          "type": "p",
          "children": [
            {
              "text": ""
            }
          ]
        },
        {
          "id": "98aeb9bc-5c01-4dd7-b905-d43c5738e3df",
          "type": "h3",
          "indent": 1,
          "children": [
            {
              "text": "Initial Risk Assessment"
            }
          ]
        },
        {
          "id": "860208d7-2767-4aeb-ab31-021a34ae8372",
          "type": "two_column",
          "children": [
            {
              "id": "a643e18a-ed2a-4673-a07b-d705410d23a4",
              "type": "two_column_cell",
              "children": [
                {
                  "id": "dc6dcf63-6df3-4318-a8de-f0e74393ca10",
                  "type": "field",
                  "fieldId": "f9eaa9bf-d8db-4d61-8354-f122cd8757a4",
                  "children": [
                    {
                      "text": ""
                    }
                  ]
                },
                {
                  "id": "0a0e6cc1-7929-4d70-8520-6ac554d2b1e1",
                  "type": "field",
                  "fieldId": "f2855c5e-51b4-4104-ac64-061df591757c",
                  "children": [
                    {
                      "text": ""
                    }
                  ]
                },
                {
                  "id": "db2a6c94-e354-4d85-b1d4-c407aeffd3c3",
                  "type": "field",
                  "fieldId": "570c7ef0-b560-47fc-bd50-de95ed1bbc87",
                  "children": [
                    {
                      "text": ""
                    }
                  ]
                },
                {
                  "id": "d26d9233-185b-4a88-82fc-ab0f2f135c75",
                  "type": "field",
                  "fieldId": "fa25ccab-311c-4443-b9e1-198116f77150",
                  "children": [
                    {
                      "text": ""
                    }
                  ]
                }
              ]
            },
            {
              "id": "72d9a990-85d0-4817-b8fb-30d7300d1658",
              "type": "two_column_cell",
              "children": [
                {
                  "id": "f6bb2215-48bc-4176-a82c-1667779df09a",
                  "type": "p",
                  "children": [
                    {
                      "text": ""
                    }
                  ]
                }
              ]
            }
          ]
        },
        {
          "id": "eb85e990-32a9-4e0e-9c53-288c0adcd8ed",
          "type": "p",
          "children": [
            {
              "text": ""
            }
          ]
        },
        {
          "id": "2b0e721a-4d47-446c-bda9-9e6da7c8120c",
          "type": "h2",
          "indent": 1,
          "children": [
            {
              "text": "Decision"
            }
          ],
          "listRestart": 3,
          "listStyleType": "decimal"
        },
        {
          "id": "43b21176-37cc-40e5-b2a8-216a09015717",
          "type": "two_column",
          "children": [
            {
              "id": "0907e680-6009-4855-835f-95b4d72d5846",
              "type": "two_column_cell",
              "children": [
                {
                  "id": "f49d69d5-92bf-4bfb-a0ce-74f9f411876e",
                  "type": "field",
                  "fieldId": "9e5a9ecc-a782-4b7c-a895-4988335aceac",
                  "children": [
                    {
                      "text": ""
                    }
                  ]
                },
                {
                  "id": "2033d16b-1898-4445-beb7-f4a807f3dcf5",
                  "type": "field",
                  "fieldId": "72cb8d48-8868-4e33-a40c-9553c485a54b",
                  "children": [
                    {
                      "text": ""
                    }
                  ]
                },
                {
                  "id": "26f1431f-787f-45b7-949b-3d9d8a55b169",
                  "type": "field",
                  "fieldId": "d71125ec-715a-4dba-bcc8-19c8e27bef44",
                  "children": [
                    {
                      "text": ""
                    }
                  ]
                }
              ]
            },
            {
              "id": "0966548d-89cd-48c0-af41-df62d829fbf1",
              "type": "two_column_cell",
              "children": [
                {
                  "id": "7136a4d5-6b2f-4344-9365-de560d5fa224",
                  "type": "field",
                  "fieldId": "24f34572-42f7-410c-968c-316c013639da",
                  "children": [
                    {
                      "text": ""
                    }
                  ]
                },
                {
                  "id": "917b1c16-88b8-4876-b6b9-7858d9fee20e",
                  "type": "field",
                  "fieldId": "5c8fd0fc-a78b-40ed-9c00-3adcac867281",
                  "children": [
                    {
                      "text": ""
                    }
                  ]
                },
                {
                  "id": "536c3822-59d1-427d-981b-6d8ae0de0035",
                  "type": "field",
                  "fieldId": "0877f9c2-3c02-4076-a20f-0374f58300ec",
                  "children": [
                    {
                      "text": ""
                    }
                  ]
                }
              ]
            }
          ]
        },
        {
          "id": "bc94efc4-fa2d-4b91-aa6c-783e768547ab",
          "type": "p",
          "children": [
            {
              "text": ""
            }
          ]
        },
        {
          "id": "7ac6978a-57df-4541-8e40-ca049b665025",
          "type": "h2",
          "indent": 1,
          "children": [
            {
              "text": "Investigation"
            }
          ],
          "listRestart": 4,
          "listStyleType": "decimal"
        },
        {
          "id": "83b3544d-5178-4ba4-9093-26352f7fb66c",
          "type": "two_column",
          "children": [
            {
              "id": "93d48ff8-de89-4e04-aa99-dd42f3a43c15",
              "type": "two_column_cell",
              "children": [
                {
                  "id": "3fb95b14-2645-4435-8dc1-f5407365410a",
                  "type": "field",
                  "fieldId": "d0be4403-48e5-4998-9ac7-6072eec4b718",
                  "children": [
                    {
                      "text": ""
                    }
                  ],
                  "entityPreview": {
                    "isPreview": false
                  }
                },
                {
                  "id": "86d19123-9bb5-4164-97b8-b59a7c31a9cc",
                  "type": "p",
                  "children": [
                    {
                      "text": ""
                    }
                  ]
                },
                {
                  "id": "f22e51be-fa92-452d-b610-4be8ac1275b2",
                  "type": "p",
                  "children": [
                    {
                      "text": ""
                    }
                  ]
                },
                {
                  "id": "c4ba8b64-ad13-4310-9d6e-2d5dbfad0643",
                  "type": "field",
                  "fieldId": "6988a37c-bfc7-448c-9398-eceebfe68efa",
                  "children": [
                    {
                      "text": ""
                    }
                  ]
                },
                {
                  "id": "0a068137-3871-4d7f-806e-1ccd835e0bd4",
                  "type": "p",
                  "children": [
                    {
                      "text": ""
                    }
                  ]
                },
                {
                  "id": "c8f2622d-e8db-440a-ad43-3e465f1e2c72",
                  "type": "p",
                  "children": [
                    {
                      "text": ""
                    }
                  ]
                },
                {
                  "id": "1f132fa7-5025-4a0a-9084-05b0b1452a3c",
                  "type": "h3",
                  "children": [
                    {
                      "text": "If repeat testing passes, a further test must be completed to be used as the actual testing result."
                    }
                  ]
                },
                {
                  "id": "6446ebc5-18ec-4cc1-84cd-a730d43e3446",
                  "type": "field",
                  "fieldId": "28d0ee72-c465-4965-a819-355eb56efd8a",
                  "children": [
                    {
                      "text": ""
                    }
                  ]
                }
              ]
            },
            {
              "id": "e0a07a2c-ee04-4082-9d8f-a6b15766502e",
              "type": "two_column_cell",
              "children": [
                {
                  "id": "6b2d2f87-a84e-4d2d-8b8a-943b1f21e506",
                  "type": "field",
                  "fieldId": "93a651ab-8052-4c18-9131-a35e53c686dd",
                  "children": [
                    {
                      "text": ""
                    }
                  ]
                },
                {
                  "id": "5c200fa5-eb7d-4029-931d-74a500bbfe5b",
                  "type": "p",
                  "children": [
                    {
                      "text": ""
                    }
                  ]
                },
                {
                  "id": "9ec33502-7e2e-4a8c-87bb-681b6249308f",
                  "type": "p",
                  "children": [
                    {
                      "text": ""
                    }
                  ]
                },
                {
                  "id": "afd13f31-2ab7-421a-9504-b56f8430c7cd",
                  "type": "p",
                  "children": [
                    {
                      "text": ""
                    }
                  ]
                },
                {
                  "id": "59080267-6e9e-44b8-b395-708aeb34a2ee",
                  "type": "field",
                  "fieldId": "a47c2a6c-e28d-4955-b32c-68afcfd86648",
                  "children": [
                    {
                      "text": ""
                    }
                  ]
                },
                {
                  "id": "68a703c3-ee4e-49b0-aef4-119c4d20b253",
                  "type": "p",
                  "children": [
                    {
                      "text": ""
                    }
                  ]
                },
                {
                  "id": "d7555773-6ca2-4bcd-ae72-9ec93b407f1b",
                  "type": "p",
                  "children": [
                    {
                      "text": ""
                    }
                  ]
                },
                {
                  "id": "d81e3d7c-3be4-4cbf-835b-66453b65ff12",
                  "type": "h3",
                  "children": [
                    {
                      "text": "If repeat testing fails, this OOS shall be escalated to a deviation."
                    }
                  ]
                },
                {
                  "id": "ca44228b-f37a-4438-acaf-5da9864dfd12",
                  "type": "field",
                  "fieldId": "fbfeaa1a-e842-4af1-8607-497f50ff994a",
                  "children": [
                    {
                      "text": ""
                    }
                  ],
                  "entityPreview": {
                    "isPreview": false
                  }
                }
              ]
            }
          ]
        },
        {
          "id": "6f882452-d045-4e7e-b050-57850517c6c5",
          "type": "p",
          "children": [
            {
              "text": ""
            }
          ]
        },
        {
          "id": "f6d229ef-99fc-42b0-b5c6-160b1106b36c",
          "type": "h2",
          "indent": 1,
          "children": [
            {
              "text": "Closure"
            }
          ],
          "listRestart": 5,
          "listStyleType": "decimal"
        },
        {
          "id": "f8b40c7c-3662-4c5c-aab2-69507de79eb2",
          "type": "field",
          "fieldId": "3130ba47-e03b-452e-888e-a5886aa31d09",
          "children": [
            {
              "text": ""
            }
          ]
        },
        {
          "id": "6ec820d3-ea96-4ab2-a7cf-51be4c83d22c",
          "type": "task",
          "children": [
            {
              "text": "Confirm OOS closure"
            }
          ]
        },
        {
          "id": "cea62427-e22f-4a76-b3d5-34fc0e14d1da",
          "type": "p",
          "children": [
            {
              "text": ""
            }
          ]
        }
      ]
    }
  },
  "instanceConfig": {
    "strictMode": false,
    "computedTitle": "OOS-@TEMPLATE_INDEX - @32f8ac18-5f4e-4016-8d71-02d73ad3be26 "
  }
}