{
  "schemaVersion": "2.0.0",
  "id": "4305c901-7867-474f-8b28-749693c47a90",
  "title": "Root Cause Analysis",
  "status": "EDITABLE",
  "version": null,
  "previousVersion": null,
  "metadata": {
    "index": "0",
    "createdAt": "1970-01-01T00:00:00.000Z",
    "lastUpdatedAt": "1970-01-01T00:00:00.000Z",
    "createdByRoleId": "44444444-4444-4444-4444-444444444444",
    "lastUpdatedByRoleId": "44444444-4444-4444-4444-444444444444",
    "editors": [],
    "typeIndex": "0"
  },
  "sourceInfo": {},
  "fields": {},
  "kind": "TYPE",
  "icon": "application",
  "contentType": "PAGE_CONTENT",
  "instanceConfig": {
    "strictMode": false,
    "createFromType": null,
    "customStatusGroup": {
      "editableFirst": {
        "statuses": [
          {
            "text": "Draft",
            "intent": "none"
          }
        ],
        "defaultStatus": "Draft"
      },
      "finishedFirst": {
        "statuses": [
          {
            "text": "Done",
            "intent": "success"
          }
        ],
        "defaultStatus": "Done"
      },
      "editableSubsequent": {
        "statuses": [
          {
            "text": "In Revision",
            "intent": "danger"
          }
        ],
        "defaultStatus": "In Revision"
      },
      "finishedSubsequent": {
        "statuses": [
          {
            "text": "Revised",
            "intent": "success"
          }
        ],
        "defaultStatus": "Revised"
      }
    },
    "hideVersionNumber": false,
    "createFromTemplate": {
      "can": true,
      "onlyCreateFromActiveVersion": false
    },
    "reviewRequirements": {
      "requireResponsesForAllPhases": true
    },
    "enforceUniqueTitles": true,
    "canChooseActiveVersion": true
  },
  "templateConfig": {
    "customStatusGroup": {
      "editableFirst": {
        "statuses": [
          {
            "text": "Draft",
            "intent": "none"
          }
        ],
        "defaultStatus": "Draft"
      },
      "finishedFirst": {
        "statuses": [
          {
            "text": "New Blueprint",
            "intent": "primary"
          }
        ],
        "defaultStatus": "New Blueprint"
      },
      "editableSubsequent": {
        "statuses": [
          {
            "text": "Draft",
            "intent": "none"
          }
        ],
        "defaultStatus": "Draft"
      },
      "finishedSubsequent": {
        "statuses": [
          {
            "text": "Published",
            "intent": "success"
          }
        ],
        "defaultStatus": "Published"
      }
    },
    "reviewRequirements": {
      "requireResponsesForAllPhases": true
    }
  }
}