{
  "schemaVersion": "2.0.0",
  "id": "65fc6103-9e41-4853-922b-358e3bed4aa9",
  "title": "Batch Production Record",
  "status": "EDITABLE",
  "version": null,
  "previousVersion": null,
  "metadata": {
    "index": "0",
    "createdAt": "1970-01-01T00:00:00.000Z",
    "lastUpdatedAt": "1970-01-01T00:00:00.000Z",
    "createdByRoleId": "44444444-4444-4444-8888-444444444444",
    "lastUpdatedByRoleId": "44444444-4444-4444-8888-444444444444",
    "editors": [],
    "typeIndex": "0"
  },
  "sourceInfo": {},
  "fields": {},
  "kind": "TYPE",
  "icon": "document",
  "contentType": "PAGE_CONTENT",
  "instanceConfig": {
    "strictMode": false,
    "defaultTemplate": {
      "id": "b11fbdd3-db6c-4568-a827-14590a9d12e5",
      "placeholderValue": "activeVersion"
    },
    "hideVersionNumber": false,
    "createFromTemplate": {
      "onlyCreateFromActiveVersion": true
    },
    "enforceUniqueTitles": false,
    "canChooseActiveVersion": true
  }
}