{
  "schemaVersion": "2.0.0",
  "id": "f866559a-d072-458d-a474-a8640d87ef10",
  "title": "Sample",
  "status": "EDITABLE",
  "version": null,
  "previousVersion": null,
  "metadata": {
    "index": "0",
    "createdAt": "1970-01-01T00:00:00.000Z",
    "lastUpdatedAt": "1970-01-01T00:00:00.000Z",
    "createdByRoleId": "44444444-4444-4444-8888-444444444444",
    "lastUpdatedByRoleId": "44444444-4444-4444-8888-444444444444",
    "editors": [],
    "typeIndex": "0"
  },
  "sourceInfo": {},
  "fields": {},
  "kind": "TYPE",
  "icon": "segmented-control",
  "contentType": "NONE",
  "instanceConfig": {
    "strictMode": false,
    "defaultTemplate": {
      "id": "fa8b41be-eb79-4b47-be3f-d7d7693a3989",
      "placeholderValue": "activeVersion"
    },
    "hideVersionNumber": false,
    "createFromTemplate": null,
    "enforceUniqueTitles": false,
    "canChooseActiveVersion": true
  }
}