{
  "schemaVersion": "2.0.0",
  "id": "68084f00-71ca-4a5e-ac88-f26a43729b0d",
  "title": "Scripts",
  "status": "EDITABLE",
  "version": null,
  "previousVersion": null,
  "metadata": {
    "index": "0",
    "createdAt": "1970-01-01T00:00:00.000Z",
    "lastUpdatedAt": "1970-01-01T00:00:00.000Z",
    "createdByRoleId": "44444444-4444-4444-8888-444444444444",
    "lastUpdatedByRoleId": "44444444-4444-4444-8888-444444444444",
    "editors": [],
    "typeIndex": "0"
  },
  "sourceInfo": {},
  "fields": {},
  "kind": "TEMPLATE",
  "type": {
    "ref": {
      "id": "b4c56960-b157-44c3-a995-2a62ce7f7c61"
    }
  },
  "content": {
    "type": "SCRIPT_CODE",
    "value": {
      "scriptCode": ""
    }
  },
  "instanceConfig": {
    "strictMode": false
  }
}